{"name":null,"assets":[{"path":"symbols/263.jpg","type":"IMAGE"},{"path":"symbols/263a.png","type":"IMAGE"},{"path":"symbols/265.jpg","type":"IMAGE"},{"path":"symbols/265a.png","type":"IMAGE"},{"path":"symbols/267.jpg","type":"IMAGE"},{"path":"symbols/267a.png","type":"IMAGE"},{"path":"symbols/269.jpg","type":"IMAGE"},{"path":"symbols/269a.png","type":"IMAGE"},{"path":"symbols/7.png","type":"IMAGE"},{"path":"symbols/13.png","type":"IMAGE"},{"path":"symbols/36.png","type":"IMAGE"},{"path":"symbols/17.png","type":"IMAGE"},{"path":"symbols/42.png","type":"IMAGE"},{"path":"symbols/150.png","type":"IMAGE"},{"path":"symbols/176.png","type":"IMAGE"},{"path":"symbols/188.png","type":"IMAGE"},{"path":"symbols/211.png","type":"IMAGE"},{"path":"symbols/215.png","type":"IMAGE"},{"path":"symbols/222.png","type":"IMAGE"},{"path":"symbols/224.png","type":"IMAGE"},{"path":"symbols/226.png","type":"IMAGE"},{"path":"symbols/230.png","type":"IMAGE"},{"path":"symbols/233.png","type":"IMAGE"},{"path":"symbols/235.png","type":"IMAGE"},{"path":"symbols/237.png","type":"IMAGE"},{"path":"symbols/239.png","type":"IMAGE"},{"path":"symbols/241.png","type":"IMAGE"},{"path":"data.json","type":"TEXT"}],"rootPath":null,"version":3,"libraryArgs":["data.json","pMOms1tPBX5rL6Y97Y2S"],"libraryType":"swf.exporters.animate.AnimateLibrary"}