{"root":0,"uuid":"SGCQJX8Qc5NWktyUiHCw","version":0.1,"symbols":[{"type":5,"frames":[{"objects":[{"name":null,"type":0,"depth":1,"symbol":4,"clipDepth":0,"id":10,"matrix":[1,0,0,1,0,0]}]}]},{"type":5,"className":"FrameAdvantageHUD","baseClassName":null,"id":4,"frames":[{"objects":[{"name":"mc","type":0,"depth":1,"symbol":3,"clipDepth":0,"id":0,"colorTransform":[0,0,0,20,5100,5100,5100,0],"matrix":[1.56985473632813,0,0,1.77957153320313,0,0]}]},{"objects":[{"name":null,"type":1,"depth":1,"symbol":3,"clipDepth":0,"id":0,"colorTransform":[2,2,2,20,4540,4540,4540,0],"matrix":[1.50654602050781,0,0,1.69294738769531,-8,5]}]},{"objects":[{"name":null,"type":1,"depth":1,"symbol":3,"clipDepth":0,"id":0,"colorTransform":[4,4,4,20,3960,3960,3960,0],"matrix":[1.4432373046875,0,0,1.6063232421875,-8,5]}]},{"objects":[{"name":null,"type":1,"depth":1,"symbol":3,"clipDepth":0,"id":0,"colorTransform":[7,7,7,20,3400,3400,3400,0],"matrix":[1.37992858886719,0,0,1.51972961425781,-8,4]}]},{"objects":[{"name":null,"type":1,"depth":1,"symbol":3,"clipDepth":0,"id":0,"colorTransform":[9,9,9,20,2840,2840,2840,0],"matrix":[1.31660461425781,0,0,1.43309020996094,-8,4]}]},{"objects":[{"name":null,"type":1,"depth":1,"symbol":3,"clipDepth":0,"id":0,"colorTransform":[11,11,11,20,2260,2260,2260,0],"matrix":[1.25328063964844,0,0,1.34649658203125,-8,4]}]},{"objects":[{"name":null,"type":1,"depth":1,"symbol":3,"clipDepth":0,"id":0,"colorTransform":[13,13,13,20,1700,1700,1700,0],"matrix":[1.18994140625,0,0,1.25987243652344,-8,4]}]},{"objects":[{"name":null,"type":1,"depth":1,"symbol":3,"clipDepth":0,"id":0,"colorTransform":[16,16,16,20,1140,1140,1140,0],"matrix":[1.12666320800781,0,0,1.17324829101563,-8,5]}]},{"objects":[{"name":null,"type":1,"depth":1,"symbol":3,"clipDepth":0,"id":0,"colorTransform":[18,18,18,20,560,560,560,0],"matrix":[1.06333923339844,0,0,1.08662414550781,-8,4]}]},{"objects":[{"name":null,"type":1,"depth":1,"symbol":3,"clipDepth":0,"id":0,"colorTransform":[20,20,20,20,0,0,0,0],"matrix":[1,0,0,1,-8,4]}]}]},{"type":5,"id":3,"frames":[{"objects":[{"name":"Text","type":0,"depth":1,"symbol":2,"clipDepth":0,"id":0,"matrix":[1,0,0,1,-400,-140]}]}]},{"selectable":false,"html":true,"password":false,"color":-16711681,"fontName":"Impact_10pt_st","rect":[0,-40,805,373],"text":"<p align=\"center\"><font face=\"Impact_10pt_st\" size=\"10\" color=\"#00ffff\" letterSpacing=\"0.000000\" kerning=\"1\">+100</font></p>","type":2,"border":false,"leftMargin":0,"fontID":1,"id":2,"wordWrap":true,"leading":40,"indent":0,"multiline":true,"align":"center","rightMargin":0,"fontHeight":200,"input":false}],"frameRate":40}