{"name":null,"assets":[{"path":"symbols/267.jpg","type":"IMAGE"},{"path":"symbols/267a.png","type":"IMAGE"},{"path":"symbols/269.jpg","type":"IMAGE"},{"path":"symbols/269a.png","type":"IMAGE"},{"path":"symbols/271.jpg","type":"IMAGE"},{"path":"symbols/271a.png","type":"IMAGE"},{"path":"symbols/273.jpg","type":"IMAGE"},{"path":"symbols/273a.png","type":"IMAGE"},{"path":"symbols/7.png","type":"IMAGE"},{"path":"symbols/14.png","type":"IMAGE"},{"path":"symbols/39.png","type":"IMAGE"},{"path":"symbols/19.png","type":"IMAGE"},{"path":"symbols/46.png","type":"IMAGE"},{"path":"symbols/154.png","type":"IMAGE"},{"path":"symbols/180.png","type":"IMAGE"},{"path":"symbols/192.png","type":"IMAGE"},{"path":"symbols/215.png","type":"IMAGE"},{"path":"symbols/219.png","type":"IMAGE"},{"path":"symbols/226.png","type":"IMAGE"},{"path":"symbols/228.png","type":"IMAGE"},{"path":"symbols/230.png","type":"IMAGE"},{"path":"symbols/234.png","type":"IMAGE"},{"path":"symbols/237.png","type":"IMAGE"},{"path":"symbols/239.png","type":"IMAGE"},{"path":"symbols/241.png","type":"IMAGE"},{"path":"symbols/243.png","type":"IMAGE"},{"path":"symbols/245.png","type":"IMAGE"},{"path":"data.json","type":"TEXT"}],"rootPath":null,"version":3,"libraryArgs":["data.json","eABpgdCAwUPX0OAB4YpX"],"libraryType":"swf.exporters.animate.AnimateLibrary"}